Workbook

Sheet Sales Data
A1: Date | B1: Product | C1: Category | D1: Quantity | E1: Unit Price | F1: Total Sales
A2: 46296 | B2: Product | C2: Electronics | D2: 2 | E2: 40000 | F2: =IF(OR(D2="",E2=""),"",D2*E2) -> 80000
A3: 46297 | B3: Product | C3: Category | D3: 5 | E3: 500 | F3: =IF(OR(D3="",E3=""),"",D3*E3) -> 2500
A4: 46298 | B4: Product | C4: Category | D4: 3 | E4: 1200 | F4: =IF(OR(D4="",E4=""),"",D4*E4) -> 3600
A5: 46299 | B5: Product | C5: Category | D5: 2 | E5: 10000 | F5: =IF(OR(D5="",E5=""),"",D5*E5) -> 20000
A6: 46300 | B6: Product | C6: Category | D6: 4 | E6: 1500 | F6: =IF(OR(D6="",E6=""),"",D6*E6) -> 6000
A7: 46301 | B7: Laptop | C7: Electronics | D7: 1 | E7: 40000 | F7: =IF(OR(D7="",E7=""),"",D7*E7) -> 40000
B8: Product | C8: Category | F8: =IF(OR(D8="",E8=""),"",D8*E8)
B9: Product | C9: Category | F9: =IF(OR(D9="",E9=""),"",D9*E9)
B10: Product | C10: Category | F10: =IF(OR(D10="",E10=""),"",D10*E10)
B11: Product | C11: Category | F11: =IF(OR(D11="",E11=""),"",D11*E11)
B12: Product | C12: Category | F12: =IF(OR(D12="",E12=""),"",D12*E12)
B13: Product | C13: Category | F13: =IF(OR(D13="",E13=""),"",D13*E13)
B14: Product | C14: Category | F14: =IF(OR(D14="",E14=""),"",D14*E14)
B15: Product | C15: Category | F15: =IF(OR(D15="",E15=""),"",D15*E15)
B16: Product | C16: Category | F16: =IF(OR(D16="",E16=""),"",D16*E16)
B17: Product | C17: Category | F17: =IF(OR(D17="",E17=""),"",D17*E17)
B18: Product | C18: Category | F18: =IF(OR(D18="",E18=""),"",D18*E18)
B19: Product | C19: Category | F19: =IF(OR(D19="",E19=""),"",D19*E19)
... B100: Product | C100: Category | F100: =IF(OR(D100="",E100=""),"",D100*E100)

Sheet Summary
A1: Sales Summary
A2: Daily Sales | B2: =SUM(B4:B9) -> 152100
A3: Date | B3: Total Sales
A4: 46296 | B4: =SUMIFS('Sales Data'!$F$2:$F$100,'Sales Data'!$A$2:$A$100,A4) -> 80000
A5: 46297 | B5: =SUMIFS('Sales Data'!$F$2:$F$100,'Sales Data'!$A$2:$A$100,A5) -> 2500
A6: 46298 | B6: =SUMIFS('Sales Data'!$F$2:$F$100,'Sales Data'!$A$2:$A$100,A6) -> 3600
A7: 46299 | B7: =SUMIFS('Sales Data'!$F$2:$F$100,'Sales Data'!$A$2:$A$100,A7) -> 20000
A8: 46300 | B8: =SUMIFS('Sales Data'!$F$2:$F$100,'Sales Data'!$A$2:$A$100,A8) -> 6000
A9: 46301 | B9: =SUMIFS('Sales Data'!$F$2:$F$100,'Sales Data'!$A$2:$A$100,A9) -> 40000
A10: Weekly Sales | B10: =B12 -> 152100
A11: Week Starting | B11: Total Sales
A12: 46296 | B12: =SUMIFS('Sales Data'!$F$2:$F$100,'Sales Data'!$A$2:$A$100,">="&A12,'Sales Data'!$A$2:$A$100,"<="&A12+6) -> 152100
A13: Monthly Sales | B13: =B15 -> 152100
A14: Month | B14: Total Sales
A15: 46296 | B15: =SUMIFS('Sales Data'!$F$2:$F$100,'Sales Data'!$A$2:$A$100,">="&A15,'Sales Data'!$A$2:$A$100,"<="&EOMONTH(A15,0)) -> 152100
